[{"instaID":44701640639,"profilFoto":"https:\/\/instagram.fist4-1.fna.fbcdn.net\/v\/t51.2885-19\/s150x150\/125491592_207880434283539_5567188904685259659_n.jpg?_nc_ht=instagram.fist4-1.fna.fbcdn.net&_nc_ohc=828vGCHIQccAX-hsqeb&tp=1&oh=e8c0925efe140ce0f8d93a309273c66f&oe=5FE0EAF1","fullName":"","kullaniciAdi":"elpalkonero09","sifre":"braitwhite09","takipEdilenSayisi":3,"takipciSayisi":1,"phoneNumber":"+6288801507342","email":"dimasblaugrana97@gmail.com","gender":3,"birthDay":"2004-03-22","isWebCookie":0},{"instaID":44025659897,"profilFoto":"https:\/\/instagram.fist4-1.fna.fbcdn.net\/v\/t51.2885-19\/s150x150\/124653619_206155520872728_1876650954536075916_n.jpg?_nc_ht=instagram.fist4-1.fna.fbcdn.net&_nc_ohc=-fVZg4rKOWoAX-ngRce&tp=1&oh=d3c015cf01217c02ba19034a7c5afe8f&oe=5FE02E9D","fullName":"","kullaniciAdi":"fansbase.triobobrok","sifre":"Matondang","takipEdilenSayisi":28,"takipciSayisi":870,"phoneNumber":"+6285668863957","email":"karok8829@gmail.com","gender":2,"birthDay":"2007-05-11","isWebCookie":0},{"instaID":44275542449,"profilFoto":"https:\/\/instagram.fist4-1.fna.fbcdn.net\/v\/t51.2885-19\/s150x150\/124283760_132788171931559_7937475190881013964_n.jpg?_nc_ht=instagram.fist4-1.fna.fbcdn.net&_nc_ohc=gk4gGE-SeGkAX9GGlNx&tp=25&oh=0530df4590d620a08c48a5435ec2118c&oe=5FE2DE5B","fullName":"Risma Daniati07","kullaniciAdi":"rismadania07","sifre":"asmara87","takipEdilenSayisi":11,"takipciSayisi":97,"phoneNumber":"+62882009151672","email":"","gender":3,"birthDay":" ","isWebCookie":0},{"instaID":10882244004,"profilFoto":"https:\/\/scontent-sin6-2.cdninstagram.com\/v\/t51.2885-19\/s150x150\/81808810_790331344796338_3029422360093523968_n.jpg?_nc_ht=scontent-sin6-2.cdninstagram.com&_nc_ohc=gfHPy_T57yoAX_EZ1Of&tp=25&oh=ff79559e067f3d52806b3a26441fb19d&oe=5FDFE1AB","fullName":"sel","kullaniciAdi":"seltaktak","sifre":"nanaselenag","takipEdilenSayisi":3715,"takipciSayisi":0,"phoneNumber":null,"email":null,"gender":null,"birthDay":null,"isWebCookie":0},{"instaID":36962140516,"profilFoto":"https:\/\/scontent-sin6-2.cdninstagram.com\/v\/t51.2885-19\/s150x150\/101320997_246776299922509_3217758948060823552_n.jpg?_nc_ht=scontent-sin6-2.cdninstagram.com&_nc_ohc=Mkc1oHBI5MsAX_HZbKX&tp=25&oh=b66928d532c6b5581588f7bc23d7188e&oe=5FDF21CE","fullName":"Saya lockdown","kullaniciAdi":"sayasedangdirumah","sifre":"blackjack","takipEdilenSayisi":380,"takipciSayisi":4,"phoneNumber":null,"email":null,"gender":null,"birthDay":null,"isWebCookie":0},{"instaID":5782016532,"profilFoto":"https:\/\/scontent-sin6-2.cdninstagram.com\/v\/t51.2885-19\/s150x150\/51066397_383039015813782_6733003815127089152_n.jpg?_nc_ht=scontent-sin6-2.cdninstagram.com&_nc_ohc=wa8Q7ec5DSsAX82wSer&tp=25&oh=06b0262ca6f8710c881426eb6c28edb1&oe=5FDE3F70","fullName":"Mutia Intan","kullaniciAdi":"intanmutia1","sifre":"intanmutia010","takipEdilenSayisi":7481,"takipciSayisi":220,"phoneNumber":null,"email":null,"gender":null,"birthDay":null,"isWebCookie":0},{"instaID":3649962708,"profilFoto":"https:\/\/scontent-sin6-2.cdninstagram.com\/v\/t51.2885-19\/s150x150\/65076038_1204903673023745_8894701631623397376_n.jpg?_nc_ht=scontent-sin6-2.cdninstagram.com&_nc_ohc=nuDc1LW4ngUAX-iO9PW&tp=25&oh=6f73256cf671e6a7d8716220ebbc6980&oe=5FE0599A","fullName":"gunadi","kullaniciAdi":"gunadi3000","sifre":"gunadi007","takipEdilenSayisi":7495,"takipciSayisi":105,"phoneNumber":null,"email":null,"gender":null,"birthDay":null,"isWebCookie":0},{"instaID":41853927894,"profilFoto":"https:\/\/scontent-sin6-2.cdninstagram.com\/v\/t51.2885-19\/s150x150\/119485708_347710146429711_5283531285972057519_n.jpg?_nc_ht=scontent-sin6-2.cdninstagram.com&_nc_ohc=bBwJOZ-7w4wAX9FpzEN&tp=25&oh=b3ffb77892e8343c8dc606b22fe0c2fc&oe=5FE08200","fullName":"","kullaniciAdi":"serlo518","sifre":"yaris1234","takipEdilenSayisi":482,"takipciSayisi":4,"phoneNumber":null,"email":null,"gender":null,"birthDay":null,"isWebCookie":0},{"instaID":44072687848,"profilFoto":"https:\/\/instagram.ftir1-1.fna.fbcdn.net\/v\/t51.2885-19\/44884218_345707102882519_2446069589734326272_n.jpg?_nc_ht=instagram.ftir1-1.fna.fbcdn.net&_nc_ohc=_V8m4mavO5gAX_bhrZX&oh=e3ac015de3544f4211f87ae0d97a24f6&oe=5FE1568F&ig_cache_key=YW5vbnltb3VzX3Byb2ZpbG","fullName":"Juliet","kullaniciAdi":"ff.juliett_","sifre":"ardhian21","takipEdilenSayisi":1,"takipciSayisi":14,"phoneNumber":null,"email":null,"gender":null,"birthDay":null,"isWebCookie":0},{"instaID":44131326358,"profilFoto":"https:\/\/scontent-ams4-1.cdninstagram.com\/v\/t51.2885-19\/44884218_345707102882519_2446069589734326272_n.jpg?_nc_ht=scontent-ams4-1.cdninstagram.com&_nc_ohc=_V8m4mavO5gAX_AYaOP&oh=60ac9089ecdd0c82d022da0974f0db82&oe=5FE1568F&ig_cache_key=YW5vbnltb3VzX3Byb2Zp","fullName":"endas","kullaniciAdi":"endas69","sifre":"endass","takipEdilenSayisi":37,"takipciSayisi":1,"phoneNumber":null,"email":null,"gender":null,"birthDay":null,"isWebCookie":0},{"instaID":44046148493,"profilFoto":"https:\/\/scontent-sin6-2.cdninstagram.com\/v\/t51.2885-19\/s150x150\/126148809_2806957056192821_6672325704339569442_n.jpg?_nc_ht=scontent-sin6-2.cdninstagram.com&_nc_ohc=J01nxAQv1ogAX9Ejt6M&tp=25&oh=e0a48ecb72945a84e008c9fddfb1c8c7&oe=5FDFBF9B","fullName":"\u0623\u0633\u0645\u0647\u0627\u0646","kullaniciAdi":"saa___or","sifre":"07500334759","takipEdilenSayisi":567,"takipciSayisi":67,"phoneNumber":null,"email":null,"gender":null,"birthDay":null,"isWebCookie":0},{"instaID":44040159348,"profilFoto":"https:\/\/instagram.fist4-1.fna.fbcdn.net\/v\/t51.2885-19\/s150x150\/123036166_202768497927269_5253375782794720002_n.jpg?_nc_ht=instagram.fist4-1.fna.fbcdn.net&_nc_ohc=ek8zrRZ-D_8AX8jmtrK&tp=1&oh=5998789bebf53430bd7cbc14be80a023&oe=5FDFEC47","fullName":"qazxc","kullaniciAdi":"hhgg1712","sifre":"112233445566771122","takipEdilenSayisi":248,"takipciSayisi":12,"phoneNumber":"+9647713663731","email":"07817599333a18@gmail.com","gender":3,"birthDay":" ","isWebCookie":0},{"instaID":43857795026,"profilFoto":"https:\/\/instagram.fist4-1.fna.fbcdn.net\/v\/t51.2885-19\/s150x150\/123322017_123806572837086_2240700940843362701_n.jpg?_nc_ht=instagram.fist4-1.fna.fbcdn.net&_nc_ohc=iZqsA_HyynkAX-bHSeq&tp=1&oh=85aac751e449c8f812d61eb81afd97ba&oe=5FE2A18C","fullName":"Taa Mlg","kullaniciAdi":"taamlg","sifre":"Widiyati","takipEdilenSayisi":12,"takipciSayisi":12,"phoneNumber":"+6285704269856","email":"","gender":3,"birthDay":" ","isWebCookie":0},{"instaID":44448798610,"profilFoto":"https:\/\/instagram.fist4-1.fna.fbcdn.net\/v\/t51.2885-19\/s150x150\/124603057_368075571074325_8558747329973047845_n.jpg?_nc_ht=instagram.fist4-1.fna.fbcdn.net&_nc_ohc=6El2P8Y1EegAX9M4X45&tp=1&oh=1df6fc3c00794106555bb2fd2f6f5ca0&oe=5FE2A38B","fullName":"muhammad rifki","kullaniciAdi":"muhammadrifki6062","sifre":"rifki1206","takipEdilenSayisi":298,"takipciSayisi":16,"phoneNumber":"+62895617697449","email":"blackhole-100026928976485-1563026253@devnull.facebook.com","gender":1,"birthDay":"1999-11-29","isWebCookie":0},{"instaID":44662457539,"profilFoto":"https:\/\/instagram.fist4-1.fna.fbcdn.net\/v\/t51.2885-19\/s150x150\/124660560_1601679899993250_4368371453218124464_n.jpg?_nc_ht=instagram.fist4-1.fna.fbcdn.net&_nc_ohc=F1to4wBV4fgAX-J_zqK&tp=1&oh=9565d13a6e270e8e063b8e2c3a17bd23&oe=5FDF94EC","fullName":"","kullaniciAdi":"lanok735","sifre":"maulana12","takipEdilenSayisi":127,"takipciSayisi":0,"phoneNumber":"+6285768170242","email":"","gender":3,"birthDay":" ","isWebCookie":0},{"instaID":44334277677,"profilFoto":"https:\/\/instagram.fist4-1.fna.fbcdn.net\/v\/t51.2885-19\/s150x150\/125536451_209489837212572_3552482593157640931_n.jpg?_nc_ht=instagram.fist4-1.fna.fbcdn.net&_nc_ohc=nSy6sNtDTLoAX8UEH6w&tp=1&oh=7ecb516b52694d7bb5787eec435454e9&oe=5FE2110F","fullName":"","kullaniciAdi":"saye_she","sifre":"destin","takipEdilenSayisi":5,"takipciSayisi":0,"phoneNumber":"+6282332585657","email":"destinp31@gmail.com","gender":3,"birthDay":"2003-04-24","isWebCookie":0},{"instaID":44474416815,"profilFoto":"https:\/\/instagram.fist4-1.fna.fbcdn.net\/v\/t51.2885-19\/s150x150\/123537482_208130140806799_5188695303761795706_n.jpg?_nc_ht=instagram.fist4-1.fna.fbcdn.net&_nc_ohc=CHEYWueuM1MAX8gMOUp&tp=1&oh=08b6649d263417e6daf9576c4f7a3ca6&oe=5FE127F1","fullName":"Happykavar","kullaniciAdi":"happy__kavar","sifre":"542693","takipEdilenSayisi":1377,"takipciSayisi":13,"phoneNumber":"","email":"jonshanraju0@gmail.com","gender":3,"birthDay":"1999-11-06","isWebCookie":0},{"instaID":44099348166,"profilFoto":"https:\/\/instagram.fist4-1.fna.fbcdn.net\/v\/t51.2885-19\/s150x150\/123569376_570912160376099_614572012436293421_n.jpg?_nc_ht=instagram.fist4-1.fna.fbcdn.net&_nc_ohc=03LcxGgsT7UAX9kr_80&tp=1&oh=dab0c1a8c219a49d9dcc53716d18a24d&oe=5FE1EAA4","fullName":"Zaraaa003","kullaniciAdi":"zaraaa003_","sifre":"yunita1","takipEdilenSayisi":243,"takipciSayisi":6,"phoneNumber":"","email":"oahdhdbhgdi+indo@gmail.com","gender":3,"birthDay":"2000-11-08","isWebCookie":0},{"instaID":44678874682,"profilFoto":"https:\/\/instagram.fist4-1.fna.fbcdn.net\/v\/t51.2885-19\/s150x150\/125335748_410633933403793_6551165921359710167_n.jpg?_nc_ht=instagram.fist4-1.fna.fbcdn.net&_nc_ohc=uZJl3HXSu8MAX__u0VQ&tp=1&oh=9c33923aab48613525eb3f215d86315a&oe=5FE0B393","fullName":"Rilna","kullaniciAdi":"rrilna42","sifre":"Makassar45","takipEdilenSayisi":27,"takipciSayisi":12,"phoneNumber":"","email":"rrilna42@gmail.com","gender":3,"birthDay":" ","isWebCookie":0},{"instaID":44687130925,"profilFoto":"https:\/\/instagram.fist4-1.fna.fbcdn.net\/v\/t51.2885-19\/s150x150\/125932507_405512397251587_1958020316943606891_n.jpg?_nc_ht=instagram.fist4-1.fna.fbcdn.net&_nc_ohc=1aS5fMb2rHsAX-QdInf&tp=1&oh=3565b664f984ffd8e15cff2df4ccf853&oe=5FE1A21A","fullName":" ","kullaniciAdi":"sheillla32","sifre":"MARIYAM40","takipEdilenSayisi":6,"takipciSayisi":1,"phoneNumber":"+6285787928841","email":"","gender":3,"birthDay":" ","isWebCookie":0},{"instaID":44698354371,"profilFoto":"https:\/\/scontent.cdninstagram.com\/v\/t51.2885-19\/44884218_345707102882519_2446069589734326272_n.jpg?_nc_ht=scontent.cdninstagram.com&_nc_ohc=_V8m4mavO5gAX_ZF_lr&oh=5c697cbd450394242a6c79bc0a53a507&oe=5FE1568F&ig_cache_key=YW5vbnltb3VzX3Byb2ZpbGVfcGlj.2","fullName":"","kullaniciAdi":"aringga_22","sifre":"00998877","takipEdilenSayisi":3,"takipciSayisi":0,"phoneNumber":"","email":"permanaaringga@gmail.com","gender":3,"birthDay":" ","isWebCookie":0},{"instaID":39710133932,"profilFoto":"https:\/\/scontent-sin6-2.cdninstagram.com\/v\/t51.2885-19\/s150x150\/117169610_593535387999520_8714062712411180855_n.jpg?_nc_ht=scontent-sin6-2.cdninstagram.com&_nc_ohc=YBzyHAqB4wQAX9yel2W&tp=25&oh=25592ad2b97dcb81195c950af8178653&oe=5FE015B0","fullName":"","kullaniciAdi":"iniakunpalsu43","sifre":"MEMEK123","takipEdilenSayisi":1510,"takipciSayisi":2,"phoneNumber":null,"email":null,"gender":null,"birthDay":null,"isWebCookie":0},{"instaID":44656806393,"profilFoto":"https:\/\/scontent-sin6-2.cdninstagram.com\/v\/t51.2885-19\/s150x150\/125865432_435734550754048_3915012664162429425_n.jpg?_nc_ht=scontent-sin6-2.cdninstagram.com&_nc_ohc=lq7PEtEA-XgAX9aDgUi&tp=25&oh=40b3041c99142064bff14386a6b55a99&oe=5FDF41E7","fullName":"","kullaniciAdi":"massayu_clara","sifre":"autofollow","takipEdilenSayisi":25,"takipciSayisi":0,"phoneNumber":null,"email":null,"gender":null,"birthDay":null,"isWebCookie":0},{"instaID":44423571352,"profilFoto":"https:\/\/instagram.fist4-1.fna.fbcdn.net\/v\/t51.2885-19\/s150x150\/123292515_203452751223736_817110460215590723_n.jpg?_nc_ht=instagram.fist4-1.fna.fbcdn.net&_nc_ohc=GHUwZlXLt2kAX9jGOVV&tp=25&oh=587290996691f2a945ddc6a123f0489c&oe=5FE07AE3","fullName":"","kullaniciAdi":"carmila279","sifre":"pelajaran123","takipEdilenSayisi":4,"takipciSayisi":0,"phoneNumber":"+6289516262073","email":"carmilamila45@gmail.com","gender":3,"birthDay":"1998-10-06","isWebCookie":0},{"instaID":44348892027,"profilFoto":"https:\/\/instagram.fgyn2-1.fna.fbcdn.net\/v\/t51.2885-19\/44884218_345707102882519_2446069589734326272_n.jpg?_nc_ht=instagram.fgyn2-1.fna.fbcdn.net&_nc_ohc=_V8m4mavO5gAX8qhCEB&oh=dad67ec65b59d7177c23ed40ae28986d&oe=5FE1568F&ig_cache_key=YW5vbnltb3VzX3Byb2ZpbG","fullName":"sahil khan","kullaniciAdi":"sahilkhan45344","sifre":"khankhan","takipEdilenSayisi":9,"takipciSayisi":0,"phoneNumber":null,"email":null,"gender":null,"birthDay":null,"isWebCookie":0},{"instaID":44487847063,"profilFoto":"https:\/\/instagram.fplu3-1.fna.fbcdn.net\/v\/t51.2885-19\/44884218_345707102882519_2446069589734326272_n.jpg?_nc_ht=instagram.fplu3-1.fna.fbcdn.net&_nc_ohc=_V8m4mavO5gAX_GSgiA&oh=76feb81a1cccc87648a3ef7657a8d403&oe=5FE1568F&ig_cache_key=YW5vbnltb3VzX3Byb2ZpbG","fullName":"","kullaniciAdi":"faz.ri03","sifre":"fazribae","takipEdilenSayisi":0,"takipciSayisi":0,"phoneNumber":null,"email":null,"gender":null,"birthDay":null,"isWebCookie":0},{"instaID":35585694411,"profilFoto":"https:\/\/scontent-sin6-2.cdninstagram.com\/v\/t51.2885-19\/s150x150\/97266710_240956557214902_3839304100919377920_n.jpg?_nc_ht=scontent-sin6-2.cdninstagram.com&_nc_ohc=5_2z-nqUKkgAX_hiPNp&tp=25&oh=352ccb84163b5032267149c6a8cef3d5&oe=5FE1DFAF","fullName":"Moers","kullaniciAdi":"moers.garages","sifre":"Jelambar1984","takipEdilenSayisi":40,"takipciSayisi":10,"phoneNumber":null,"email":null,"gender":null,"birthDay":null,"isWebCookie":0},{"instaID":44451038934,"profilFoto":"https:\/\/scontent-sin6-2.cdninstagram.com\/v\/t51.2885-19\/s150x150\/124693425_758583994725863_1582593940068766197_n.jpg?_nc_ht=scontent-sin6-2.cdninstagram.com&_nc_ohc=2U53Ig9Z22MAX_vrKNU&tp=25&oh=6aa7805a33ef6f2c42210612a8db6987&oe=5FDEE067","fullName":"znjlanjla","kullaniciAdi":"znjlanjla","sifre":"lulunajla","takipEdilenSayisi":5,"takipciSayisi":0,"phoneNumber":null,"email":null,"gender":null,"birthDay":null,"isWebCookie":0},{"instaID":37034157845,"profilFoto":"https:\/\/scontent-sin6-2.cdninstagram.com\/v\/t51.2885-19\/s150x150\/123739421_771689856744290_2798503066571277447_n.jpg?_nc_ht=scontent-sin6-2.cdninstagram.com&_nc_ohc=OPayVXHxOFcAX_4EYOR&tp=25&oh=dae25e6ea658ef8e92d6b6f326075582&oe=5FDE30D4","fullName":"","kullaniciAdi":"ranistiaptri","sifre":"ranarano4727","takipEdilenSayisi":45,"takipciSayisi":1244,"phoneNumber":null,"email":null,"gender":null,"birthDay":null,"isWebCookie":0},{"instaID":44189775809,"profilFoto":"https:\/\/instagram.fotp1-1.fna.fbcdn.net\/v\/t51.2885-19\/44884218_345707102882519_2446069589734326272_n.jpg?_nc_ht=instagram.fotp1-1.fna.fbcdn.net&_nc_ohc=_V8m4mavO5gAX8xOSQm&oh=fdb2c791f34afc61b2629aa1019d4555&oe=5FE1568F&ig_cache_key=YW5vbnltb3VzX3Byb2ZpbG","fullName":"","kullaniciAdi":"meishawannti","sifre":"anjir1234","takipEdilenSayisi":854,"takipciSayisi":7,"phoneNumber":null,"email":null,"gender":null,"birthDay":null,"isWebCookie":0},{"instaID":32273352902,"profilFoto":"https:\/\/scontent-sin6-2.cdninstagram.com\/v\/t51.2885-19\/s150x150\/91053221_2552610095065925_2523653561141690368_n.jpg?_nc_ht=scontent-sin6-2.cdninstagram.com&_nc_ohc=W3Vmv-ESgRIAX--Eybx&tp=25&oh=ee55098df1944382a9c7e9c54ef60acc&oe=5FDFA233","fullName":"","kullaniciAdi":"yateno2020","sifre":"susanmeriken1","takipEdilenSayisi":2468,"takipciSayisi":50,"phoneNumber":null,"email":null,"gender":null,"birthDay":null,"isWebCookie":0},{"instaID":43864611027,"profilFoto":"https:\/\/instagram.fsub3-1.fna.fbcdn.net\/v\/t51.2885-19\/44884218_345707102882519_2446069589734326272_n.jpg?_nc_ht=instagram.fsub3-1.fna.fbcdn.net&_nc_cat=1&_nc_ohc=_V8m4mavO5gAX8kadeg&oh=9afc271c8914f2900bb932d0eefaf05f&oe=5FE1568F&ig_cache_key=YW5vbnltb3Vz","fullName":"","kullaniciAdi":"isannn70","sifre":"ihsan361","takipEdilenSayisi":350,"takipciSayisi":20,"phoneNumber":null,"email":null,"gender":null,"birthDay":null,"isWebCookie":0},{"instaID":44427304322,"profilFoto":"https:\/\/scontent-sin6-2.cdninstagram.com\/v\/t51.2885-19\/s150x150\/122537499_397004184791074_2095395093015442958_n.jpg?_nc_ht=scontent-sin6-2.cdninstagram.com&_nc_ohc=b4U9BPJzEmMAX-k8_sl&tp=25&oh=121a5cf1e30a3d47b7faaad9a59c08c1&oe=5FE0F637","fullName":"","kullaniciAdi":"rohporawe","sifre":"westau","takipEdilenSayisi":848,"takipciSayisi":7,"phoneNumber":null,"email":null,"gender":null,"birthDay":null,"isWebCookie":0},{"instaID":44073525223,"profilFoto":"https:\/\/scontent-sin6-2.cdninstagram.com\/v\/t51.2885-19\/s150x150\/123574176_114564996979685_3561526329969149196_n.jpg?_nc_ht=scontent-sin6-2.cdninstagram.com&_nc_ohc=J_0ZFbcY6ZIAX8jJx37&tp=25&oh=a66598c581c016ad515021d5c165992a&oe=5FDFE285","fullName":"azhzhaahira wal ikraami","kullaniciAdi":"shrimenur","sifre":"jayanti69","takipEdilenSayisi":453,"takipciSayisi":3,"phoneNumber":null,"email":null,"gender":null,"birthDay":null,"isWebCookie":0}]